{
  "meta": {
    "num_seeds": 40,
    "formations": [
      "circle",
      "perturbed",
      "random"
    ],
    "counts": [
      8,
      10,
      12
    ],
    "regimes": {
      "mild_dynamic": {
        "speed": 1.6,
        "noise_std": 0.01,
        "common_bias": 0.012,
        "sensor_bias_std": 0.008,
        "attitude_jitter_std": 0.015,
        "delay_mean": 0.12,
        "delay_jitter": 0.05,
        "missing_rate": 0.05,
        "outlier_rate": 0.05,
        "outlier_scale": 0.25
      },
      "harsh_dynamic": {
        "speed": 2.1,
        "noise_std": 0.015,
        "common_bias": 0.02,
        "sensor_bias_std": 0.012,
        "attitude_jitter_std": 0.03,
        "delay_mean": 0.25,
        "delay_jitter": 0.09,
        "missing_rate": 0.12,
        "outlier_rate": 0.12,
        "outlier_scale": 0.4
      }
    }
  },
  "summary": {
    "overall": {
      "initial": {
        "mean": 2.7203794648176287,
        "median": 0.6274607084868766,
        "p90": 3.572030862545889,
        "success_at_1_0": 0.6361111111111111,
        "catastrophic_at_5_0": 0.075
      },
      "least_squares": {
        "mean": 0.8465615926718135,
        "median": 0.280989035222879,
        "p90": 1.1734470177058969,
        "success_at_1_0": 0.8625,
        "catastrophic_at_5_0": 0.001388888888888889
      },
      "robust_huber": {
        "mean": 0.7936847845810271,
        "median": 0.23522614349781562,
        "p90": 0.6208928332023241,
        "success_at_1_0": 0.9833333333333333,
        "catastrophic_at_5_0": 0.002777777777777778
      },
      "tukey_irls": {
        "mean": 2.131012827330975,
        "median": 0.21499609651911014,
        "p90": 0.8909555462196873,
        "success_at_1_0": 0.9041666666666667,
        "catastrophic_at_5_0": 0.059722222222222225
      },
      "gnc_gm": {
        "mean": 0.6596785489360981,
        "median": 0.23696727370628234,
        "p90": 0.6113689072599057,
        "success_at_1_0": 0.9847222222222223,
        "catastrophic_at_5_0": 0.001388888888888889
      },
      "ransac": {
        "mean": 0.29147599252573647,
        "median": 0.21318600683096756,
        "p90": 0.5559221341764241,
        "success_at_1_0": 0.9888888888888889,
        "catastrophic_at_5_0": 0.002777777777777778
      },
      "robust_bias_trimmed": {
        "mean": 0.2893408863384869,
        "median": 0.2106774097055168,
        "p90": 0.5438162592192224,
        "success_at_1_0": 0.9888888888888889,
        "catastrophic_at_5_0": 0.002777777777777778
      }
    },
    "by_regime": {
      "mild_dynamic": {
        "initial": {
          "mean": 1.079860272564675,
          "median": 0.31200730754429323,
          "p90": 2.003706812893246,
          "success_at_1_0": 0.8,
          "catastrophic_at_5_0": 0.03333333333333333
        },
        "least_squares": {
          "mean": 0.24735235283519694,
          "median": 0.1603117113194045,
          "p90": 0.6367180152789003,
          "success_at_1_0": 0.9722222222222222,
          "catastrophic_at_5_0": 0.0
        },
        "robust_huber": {
          "mean": 0.17483178978642602,
          "median": 0.14768167484706762,
          "p90": 0.302986869621237,
          "success_at_1_0": 1.0,
          "catastrophic_at_5_0": 0.0
        },
        "tukey_irls": {
          "mean": 0.5803142540176819,
          "median": 0.13061113374668748,
          "p90": 0.2591821367828895,
          "success_at_1_0": 0.9777777777777777,
          "catastrophic_at_5_0": 0.019444444444444445
        },
        "gnc_gm": {
          "mean": 0.17871314212158254,
          "median": 0.14960544693884809,
          "p90": 0.30043857173417243,
          "success_at_1_0": 1.0,
          "catastrophic_at_5_0": 0.0
        },
        "ransac": {
          "mean": 0.15119974945773543,
          "median": 0.13335183678611384,
          "p90": 0.2635032191095747,
          "success_at_1_0": 1.0,
          "catastrophic_at_5_0": 0.0
        },
        "robust_bias_trimmed": {
          "mean": 0.15558388106715615,
          "median": 0.13427387561909743,
          "p90": 0.26813734865958805,
          "success_at_1_0": 1.0,
          "catastrophic_at_5_0": 0.0
        }
      },
      "harsh_dynamic": {
        "initial": {
          "mean": 4.3608986570705826,
          "median": 1.0627780240287676,
          "p90": 5.38059691589013,
          "success_at_1_0": 0.4722222222222222,
          "catastrophic_at_5_0": 0.11666666666666667
        },
        "least_squares": {
          "mean": 1.4457708325084304,
          "median": 0.49791989877393844,
          "p90": 1.5876838752817723,
          "success_at_1_0": 0.7527777777777778,
          "catastrophic_at_5_0": 0.002777777777777778
        },
        "robust_huber": {
          "mean": 1.4125377793756282,
          "median": 0.3606816373425763,
          "p90": 0.7522319469955353,
          "success_at_1_0": 0.9666666666666667,
          "catastrophic_at_5_0": 0.005555555555555556
        },
        "tukey_irls": {
          "mean": 3.681711400644268,
          "median": 0.41975883243639844,
          "p90": 4.34994616423691,
          "success_at_1_0": 0.8305555555555556,
          "catastrophic_at_5_0": 0.1
        },
        "gnc_gm": {
          "mean": 1.1406439557506136,
          "median": 0.3646796463177125,
          "p90": 0.7505054939801797,
          "success_at_1_0": 0.9694444444444444,
          "catastrophic_at_5_0": 0.002777777777777778
        },
        "ransac": {
          "mean": 0.43175223559373754,
          "median": 0.3559399061192332,
          "p90": 0.6505126527391522,
          "success_at_1_0": 0.9777777777777777,
          "catastrophic_at_5_0": 0.005555555555555556
        },
        "robust_bias_trimmed": {
          "mean": 0.42309789160981776,
          "median": 0.35227531193599293,
          "p90": 0.6505126527391522,
          "success_at_1_0": 0.9777777777777777,
          "catastrophic_at_5_0": 0.005555555555555556
        }
      }
    }
  }
}