{
  "least_squares": {
    "mean_ms": 3.9906833099939827,
    "median_ms": 2.704874999835738,
    "p90_ms": 6.303008299892102,
    "std_ms": 3.931917471823308
  },
  "robust_huber": {
    "mean_ms": 3.843286730016189,
    "median_ms": 2.700249999634252,
    "p90_ms": 4.9440621997746454,
    "std_ms": 3.869827268956773
  },
  "robust_bias_trimmed": {
    "mean_ms": 29.88563458000499,
    "median_ms": 24.620937500003492,
    "p90_ms": 44.03080059955755,
    "std_ms": 9.231071263259672
  },
  "pso": {
    "mean_ms": 30.64031664999675,
    "median_ms": 25.3279164999185,
    "p90_ms": 45.9076666999863,
    "std_ms": 9.812373295574181
  },
  "sa": {
    "mean_ms": 4.988079160066263,
    "median_ms": 3.708208499574539,
    "p90_ms": 7.3858752995874974,
    "std_ms": 3.525072808023694
  }
}