{
  "scenario": {
    "num_uavs": 6,
    "formation_radius": 10.0,
    "target_x": 2.5,
    "target_y": -1.5,
    "noise_std": 0.02,
    "bias": 0.0,
    "missing_rate": 0.0,
    "outlier_rate": 0.0,
    "outlier_scale": 0.25,
    "seed": 42
  },
  "method": {
    "robust_loss": "huber",
    "scheduling_mode": "observability",
    "recovery_mode": "greedy",
    "ls_iterations": 60,
    "learning_rate": 0.12,
    "huber_delta": 0.08,
    "pso_particles": 32,
    "pso_iterations": 60,
    "sa_iterations": 300,
    "sa_step": 0.8
  },
  "target": {
    "x": 2.5,
    "y": -1.5
  },
  "num_valid_sensors": 6,
  "initial": {
    "x": 2.695554179843197,
    "y": -1.4449909463077844,
    "error": 0.2031438732579903
  },
  "baselines": {
    "least_squares": {
      "point": {
        "x": 2.6939317191006156,
        "y": -1.4466154879617952
      },
      "residual": 0.0148797434955202,
      "error": 0.20114526541501618
    },
    "robust_huber": {
      "point": {
        "x": 2.6939317191006156,
        "y": -1.4466154879617952
      },
      "residual": 0.0148797434955202,
      "error": 0.20114526541501618
    },
    "pso": {
      "point": {
        "x": 2.6540839988196043,
        "y": -1.4888228054266568
      },
      "residual": 0.015931298405712207,
      "error": 0.15448886163982892
    },
    "simulated_annealing": {
      "point": {
        "x": 2.695554179843197,
        "y": -1.4449909463077844
      },
      "residual": 0.014920765541817094,
      "error": 0.2031438732579903
    }
  },
  "schedule": {
    "candidate_id": 0,
    "observability": 1.5693049225841578,
    "recovery_cost": 0.09473343970479675
  }
}