{
  "meta": {
    "hardware": {
      "cpu": "Apple M1 Pro",
      "logical_cores": 10,
      "platform": "macOS-15.7.2-arm64-arm-64bit",
      "python": "3.11.11",
      "threading": "single-process sequential timing"
    },
    "benchmark_case": {
      "formation_radius_R": 10.0,
      "physical_example_radius_m": 100.0,
      "num_valid_sensors": 7,
      "formation_type": "random/degenerate mixed runtime case",
      "target_note": "Targets are drawn with target_mode=random_interior.",
      "budget": 4
    },
    "timing_note": "Median runtimes are reported in milliseconds over repeated single-thread calls. Screening timings exclude the final refit so that stage costs can be interpreted separately."
  },
  "methods": {
    "least_squares": {
      "mean_ms": 1.7356199596542865,
      "median_ms": 1.398687505570706,
      "p90_ms": 2.4568589025875553,
      "std_ms": 0.6439475377722294
    },
    "robust_huber": {
      "mean_ms": 1.7136333193047903,
      "median_ms": 1.43937499524327,
      "p90_ms": 2.513713094231207,
      "std_ms": 0.44876508201040305
    },
    "gnc_gm": {
      "mean_ms": 10.188868280965835,
      "median_ms": 9.979063004720956,
      "p90_ms": 12.700929098355118,
      "std_ms": 1.7906554430516228
    },
    "ransac": {
      "mean_ms": 2.935608240077272,
      "median_ms": 2.6141455018660054,
      "p90_ms": 4.20633810281288,
      "std_ms": 0.8651067156662908
    },
    "robust_bias_trimmed": {
      "mean_ms": 25.601174961484503,
      "median_ms": 23.81595850602025,
      "p90_ms": 28.931349396589216,
      "std_ms": 6.256881917888872
    },
    "pso": {
      "mean_ms": 29.121709200553596,
      "median_ms": 27.257916997768916,
      "p90_ms": 36.77323720476125,
      "std_ms": 6.989704377142966
    },
    "sa": {
      "mean_ms": 4.130393220402766,
      "median_ms": 4.032145501696505,
      "p90_ms": 4.511721100425348,
      "std_ms": 0.32017486145986046
    }
  },
  "stages": {
    "stage1_proposed": {
      "mean_ms": 25.63372247881489,
      "median_ms": 23.651458497624844,
      "p90_ms": 27.90677470184164,
      "std_ms": 7.722445473574727
    },
    "stage2_screening": {
      "mean_ms": 1.906406719062943,
      "median_ms": 1.8647289980435744,
      "p90_ms": 2.0416798055521213,
      "std_ms": 0.11974890838047393
    },
    "stage2_adaptive": {
      "mean_ms": 2.110569098731503,
      "median_ms": 1.5756039938423783,
      "p90_ms": 2.2185832902323455,
      "std_ms": 2.4384935575085
    }
  },
  "scaling": {
    "counts": [
      4,
      6,
      8,
      10,
      12,
      14
    ],
    "stage1_proposed": {
      "4": {
        "mean_ms": 10.374173419259023,
        "median_ms": 9.058978997927625,
        "p90_ms": 11.440120299812406,
        "std_ms": 4.422318418536275
      },
      "6": {
        "mean_ms": 15.035244919999968,
        "median_ms": 14.358770502440166,
        "p90_ms": 16.222974989796057,
        "std_ms": 2.6685103388863975
      },
      "8": {
        "mean_ms": 17.873415839567315,
        "median_ms": 15.977603994542733,
        "p90_ms": 18.92434169858462,
        "std_ms": 6.033188788958617
      },
      "10": {
        "mean_ms": 15.27313003927702,
        "median_ms": 14.582166506443173,
        "p90_ms": 16.537629207596183,
        "std_ms": 1.9140727780704223
      },
      "12": {
        "mean_ms": 19.974817519832868,
        "median_ms": 19.420458491367754,
        "p90_ms": 22.453762202349026,
        "std_ms": 1.4726142120114316
      },
      "14": {
        "mean_ms": 22.084353438986,
        "median_ms": 18.149604002246633,
        "p90_ms": 35.95128369343002,
        "std_ms": 8.7328886248341
      }
    },
    "stage2_screening": {
      "4": {
        "mean_ms": 0.11073489964473993,
        "median_ms": 0.10687449685065076,
        "p90_ms": 0.11243779299547896,
        "std_ms": 0.015671369792393156
      },
      "6": {
        "mean_ms": 0.3228791197761893,
        "median_ms": 0.31335400126408786,
        "p90_ms": 0.3294286027085036,
        "std_ms": 0.03917030080846995
      },
      "8": {
        "mean_ms": 5.06628260074649,
        "median_ms": 3.6987500061513856,
        "p90_ms": 5.090704196481966,
        "std_ms": 4.831647981740337
      },
      "10": {
        "mean_ms": 3.435478320461698,
        "median_ms": 3.3509374989080243,
        "p90_ms": 3.7128952113562264,
        "std_ms": 0.575783396736644
      },
      "12": {
        "mean_ms": 2.6329608203377575,
        "median_ms": 2.571958495536819,
        "p90_ms": 2.88296189828543,
        "std_ms": 0.2143114287375249
      },
      "14": {
        "mean_ms": 2.8192657997715287,
        "median_ms": 2.65837500046473,
        "p90_ms": 3.4734420085442252,
        "std_ms": 0.43894884968077885
      }
    },
    "stage2_adaptive": {
      "4": {
        "mean_ms": 0.09425665950402617,
        "median_ms": 0.09322899859398603,
        "p90_ms": 0.09530860843369737,
        "std_ms": 0.005161447292635255
      },
      "6": {
        "mean_ms": 0.9186715583200566,
        "median_ms": 0.8256874934886582,
        "p90_ms": 1.153595806681551,
        "std_ms": 0.15849389586837548
      },
      "8": {
        "mean_ms": 2.2825957791064866,
        "median_ms": 2.197229492594488,
        "p90_ms": 2.6552791023277678,
        "std_ms": 0.20474678300689836
      },
      "10": {
        "mean_ms": 2.8821817398420535,
        "median_ms": 2.8294585063122213,
        "p90_ms": 3.176733906730078,
        "std_ms": 0.256194447157514
      },
      "12": {
        "mean_ms": 4.760804179531988,
        "median_ms": 4.66027099173516,
        "p90_ms": 5.004128497967031,
        "std_ms": 0.497691087545956
      },
      "14": {
        "mean_ms": 5.185624998994172,
        "median_ms": 5.035750495153479,
        "p90_ms": 5.80303280003136,
        "std_ms": 0.5155367177061905
      }
    }
  }
}