{
  "meta": {
    "hardware": {
      "cpu": "Apple M1 Pro",
      "logical_cores": 10,
      "platform": "macOS-15.7.2-arm64-arm-64bit",
      "python": "3.11.11",
      "threading": "single-process sequential timing"
    },
    "benchmark_case": {
      "formation_radius_R": 10.0,
      "physical_example_radius_m": 100.0,
      "num_valid_sensors": 7,
      "formation_type": "random/degenerate mixed runtime case",
      "target_note": "Targets are drawn with target_mode=random_interior.",
      "budget": 4
    },
    "timing_note": "Median runtimes are reported in milliseconds over repeated single-thread calls. Screening timings exclude the final refit so that stage costs can be interpreted separately."
  },
  "methods": {
    "least_squares": {
      "mean_ms": 8.244807325218062,
      "median_ms": 3.5245625003881287,
      "p90_ms": 20.112207800775657,
      "std_ms": 17.983451453281585
    },
    "robust_huber": {
      "mean_ms": 50.02982600008181,
      "median_ms": 5.42035400030727,
      "p90_ms": 108.43621670028381,
      "std_ms": 141.9445085028215
    },
    "robust_bias_trimmed": {
      "mean_ms": 100.80587080010446,
      "median_ms": 53.9982290010812,
      "p90_ms": 95.84077060026179,
      "std_ms": 162.9100873349106
    },
    "pso": {
      "mean_ms": 30.045146874817874,
      "median_ms": 26.558208501228364,
      "p90_ms": 39.27260480159023,
      "std_ms": 9.187185978651055
    },
    "sa": {
      "mean_ms": 6.577744275045916,
      "median_ms": 4.9737500012270175,
      "p90_ms": 11.458208000476596,
      "std_ms": 3.509322089102703
    }
  },
  "stages": {
    "stage1_proposed": {
      "mean_ms": 41.87566307491579,
      "median_ms": 35.07372899912298,
      "p90_ms": 65.81589230081593,
      "std_ms": 16.983393135038703
    },
    "stage2_screening": {
      "mean_ms": 3.2042781375821505,
      "median_ms": 2.2388750021491433,
      "p90_ms": 5.484120498658745,
      "std_ms": 2.289161185693197
    },
    "stage2_adaptive": {
      "mean_ms": 2.1569926876054524,
      "median_ms": 1.652167000429472,
      "p90_ms": 3.451645799214023,
      "std_ms": 1.2032283142464082
    }
  },
  "scaling": {
    "counts": [
      4,
      6,
      8,
      10,
      12,
      14
    ],
    "stage1_proposed": {
      "4": {
        "mean_ms": 57.897102112656285,
        "median_ms": 14.560500500010676,
        "p90_ms": 38.05183780023079,
        "std_ms": 172.93959047304247
      },
      "6": {
        "mean_ms": 70.98012551259671,
        "median_ms": 37.349896500018076,
        "p90_ms": 180.2601666986448,
        "std_ms": 74.65193228883194
      },
      "8": {
        "mean_ms": 159.12778284987326,
        "median_ms": 57.38329199812142,
        "p90_ms": 392.44692949941975,
        "std_ms": 333.10930282345277
      },
      "10": {
        "mean_ms": 37.61120671260869,
        "median_ms": 24.579916500442778,
        "p90_ms": 56.774800600033046,
        "std_ms": 49.121757563443055
      },
      "12": {
        "mean_ms": 126.52789995013336,
        "median_ms": 70.41447949995927,
        "p90_ms": 163.55736219920806,
        "std_ms": 360.46680739768436
      },
      "14": {
        "mean_ms": 39.00197079992722,
        "median_ms": 24.04883350027376,
        "p90_ms": 79.62767090175478,
        "std_ms": 32.38224701392725
      }
    },
    "stage2_screening": {
      "4": {
        "mean_ms": 0.4103708498405467,
        "median_ms": 0.2927289988292614,
        "p90_ms": 0.8384042001125636,
        "std_ms": 0.30524283484819714
      },
      "6": {
        "mean_ms": 0.97300043762516,
        "median_ms": 0.34639600016816985,
        "p90_ms": 1.4991418989666305,
        "std_ms": 1.8037289821621367
      },
      "8": {
        "mean_ms": 86.17339376305608,
        "median_ms": 31.903291501294007,
        "p90_ms": 260.9126167029905,
        "std_ms": 147.28644439379258
      },
      "10": {
        "mean_ms": 4.177229637480195,
        "median_ms": 3.2069584995042533,
        "p90_ms": 6.290787500984153,
        "std_ms": 1.7663552297482936
      },
      "12": {
        "mean_ms": 4.685831237338789,
        "median_ms": 3.4962499994435348,
        "p90_ms": 8.049120499345012,
        "std_ms": 3.0648352448377794
      },
      "14": {
        "mean_ms": 3.3418370499020966,
        "median_ms": 2.4801249983283924,
        "p90_ms": 3.6443621975195133,
        "std_ms": 2.7844307036113296
      }
    },
    "stage2_adaptive": {
      "4": {
        "mean_ms": 0.5795812124233635,
        "median_ms": 0.24758349900366738,
        "p90_ms": 0.932050298797549,
        "std_ms": 1.29564365178937
      },
      "6": {
        "mean_ms": 2.4742744498780667,
        "median_ms": 1.6897915011213627,
        "p90_ms": 4.435616399496213,
        "std_ms": 2.563333954260638
      },
      "8": {
        "mean_ms": 22.88589796226006,
        "median_ms": 9.009875000629108,
        "p90_ms": 52.79270000210104,
        "std_ms": 46.17799133030252
      },
      "10": {
        "mean_ms": 3.172051025012479,
        "median_ms": 2.6501454995013773,
        "p90_ms": 4.28852850236581,
        "std_ms": 1.2626698705975796
      },
      "12": {
        "mean_ms": 7.5902338749983755,
        "median_ms": 6.188979501530412,
        "p90_ms": 12.293237199992294,
        "std_ms": 3.5801719201271225
      },
      "14": {
        "mean_ms": 5.742268724907262,
        "median_ms": 4.769895998833817,
        "p90_ms": 8.45032889992581,
        "std_ms": 2.23787656346668
      }
    }
  }
}